[{"model": "contenttypes.contenttype", "pk": 1, "fields": {"app_label": "admin", "model": "logentry"}}, {"model": "contenttypes.contenttype", "pk": 2, "fields": {"app_label": "auth", "model": "permission"}}, {"model": "contenttypes.contenttype", "pk": 3, "fields": {"app_label": "auth", "model": "group"}}, {"model": "contenttypes.contenttype", "pk": 4, "fields": {"app_label": "auth", "model": "user"}}, {"model": "contenttypes.contenttype", "pk": 5, "fields": {"app_label": "contenttypes", "model": "contenttype"}}, {"model": "contenttypes.contenttype", "pk": 6, "fields": {"app_label": "sessions", "model": "session"}}, {"model": "contenttypes.contenttype", "pk": 7, "fields": {"app_label": "mainapp", "model": "address"}}, {"model": "contenttypes.contenttype", "pk": 8, "fields": {"app_label": "mainapp", "model": "catalogmenu"}}, {"model": "contenttypes.contenttype", "pk": 9, "fields": {"app_label": "mainapp", "model": "category"}}, {"model": "contenttypes.contenttype", "pk": 10, "fields": {"app_label": "mainapp", "model": "mainmenu"}}, {"model": "contenttypes.contenttype", "pk": 11, "fields": {"app_label": "mainapp", "model": "newmenu"}}, {"model": "contenttypes.contenttype", "pk": 12, "fields": {"app_label": "mainapp", "model": "product"}}, {"model": "sessions.session", "pk": "3y9050s2s8p5upyiypz9097hdm78nd9x", "fields": {"session_data": "NDJhODU3YmM1MjVmYmFiYjMxMTQ1NzgxMzgzODZhOTdlMDE3YmFkMTp7Il9hdXRoX3VzZXJfaWQiOiIxIiwiX2F1dGhfdXNlcl9iYWNrZW5kIjoiZGphbmdvLmNvbnRyaWIuYXV0aC5iYWNrZW5kcy5Nb2RlbEJhY2tlbmQiLCJfYXV0aF91c2VyX2hhc2giOiJjYzBmZmEwYjE3ZTRiMTJjODM2OGE2ZWRlYmE5ZjJkNjFlYzkwZTU1In0=", "expire_date": "2019-02-10T21:29:41.463Z"}}, {"model": "mainapp.category", "pk": 1, "fields": {"name": "New"}}, {"model": "mainapp.category", "pk": 2, "fields": {"name": "Featured"}}, {"model": "mainapp.category", "pk": 3, "fields": {"name": "Exclusive"}}, {"model": "mainapp.category", "pk": 4, "fields": {"name": "Trending"}}, {"model": "mainapp.category", "pk": 5, "fields": {"name": "Hot"}}, {"model": "mainapp.category", "pk": 6, "fields": {"name": "Promo"}}, {"model": "mainapp.category", "pk": 7, "fields": {"name": "Home"}}, {"model": "mainapp.category", "pk": 8, "fields": {"name": "Office"}}, {"model": "mainapp.category", "pk": 9, "fields": {"name": "Furniture"}}, {"model": "mainapp.category", "pk": 10, "fields": {"name": "Modern"}}, {"model": "mainapp.category", "pk": 11, "fields": {"name": "Classic"}}, {"model": "mainapp.mainmenu", "pk": 1, "fields": {"title": "home", "link": "home"}}, {"model": "mainapp.mainmenu", "pk": 2, "fields": {"title": "products", "link": "catalog"}}, {"model": "mainapp.mainmenu", "pk": 3, "fields": {"title": "history", "link": "history"}}, {"model": "mainapp.mainmenu", "pk": 4, "fields": {"title": "showroom", "link": "showroom"}}, {"model": "mainapp.mainmenu", "pk": 5, "fields": {"title": "contact", "link": "contacts"}}, {"model": "mainapp.catalogmenu", "pk": 1, "fields": {"title": "home", "category": 7}}, {"model": "mainapp.catalogmenu", "pk": 2, "fields": {"title": "office", "category": 8}}, {"model": "mainapp.catalogmenu", "pk": 3, "fields": {"title": "furniture", "category": 9}}, {"model": "mainapp.catalogmenu", "pk": 4, "fields": {"title": "modern", "category": 10}}, {"model": "mainapp.catalogmenu", "pk": 5, "fields": {"title": "classic", "category": 11}}, {"model": "mainapp.newmenu", "pk": 1, "fields": {"title": "new", "link": "new", "category": 1}}, {"model": "mainapp.newmenu", "pk": 2, "fields": {"title": "featured", "link": "featured", "category": 2}}, {"model": "mainapp.address", "pk": 1, "fields": {"city": "california", "phone": "1900 \u2014 1234 \u2014 5678", "email": "info@interior.com", "address": "12 W 1st St, 90001 Los Angeles, California"}}, {"model": "mainapp.address", "pk": 2, "fields": {"city": "california", "phone": "1900 \u2014 1234 \u2014 5678", "email": "info@interior.com", "address": "12&nbsp;W 1st St, 90001 Los Angeles, California"}}, {"model": "mainapp.address", "pk": 3, "fields": {"city": "california", "phone": "1900 \u2014 1234 \u2014 5678", "email": "info@interior.com", "address": "12 W 1st St, 90001 Los Angeles, California"}}, {"model": "mainapp.product", "pk": 1, "fields": {"title": "fishnet chair", "description": "Seat and back with upholstery made of cold cure foam", "small_img_path": "product_small_img/product-1.jpg", "big_img_path": "", "category": [1]}}, {"model": "mainapp.product", "pk": 2, "fields": {"title": "fishnet chair", "description": "Seat and back with upholstery made of cold cure foam", "small_img_path": "product_small_img/product-2.jpg", "big_img_path": "", "category": [1]}}, {"model": "mainapp.product", "pk": 3, "fields": {"title": "fishnet chair", "description": "Seat and back with upholstery made of cold cure foam", "small_img_path": "product_small_img/product-3.jpg", "big_img_path": "", "category": [1]}}, {"model": "mainapp.product", "pk": 4, "fields": {"title": "fishnet chair", "description": "Seat and back with upholstery made of cold cure foam", "small_img_path": "product_small_img/product-4.jpg", "big_img_path": "", "category": [1]}}, {"model": "mainapp.product", "pk": 5, "fields": {"title": "fishnet chair", "description": "Seat and back with upholstery made of cold cure foam", "small_img_path": "product_small_img/product-2-sm.jpg", "big_img_path": "", "category": [3]}}, {"model": "mainapp.product", "pk": 6, "fields": {"title": "fishnet chair", "description": "Seat and back with upholstery made of cold cure foam", "small_img_path": "product_small_img/product-3-sm.jpg", "big_img_path": "", "category": [3]}}, {"model": "mainapp.product", "pk": 7, "fields": {"title": "fishnet chair", "description": "Seat and back with upholstery made of cold cure foam", "small_img_path": "product_small_img/product-4-sm.jpg", "big_img_path": "", "category": [3]}}, {"model": "mainapp.product", "pk": 8, "fields": {"title": "fishnet chair", "description": "Seat and back with upholstery made of cold cure foam", "small_img_path": "product_small_img/product-5-sm.jpg", "big_img_path": "", "category": [3]}}, {"model": "mainapp.product", "pk": 9, "fields": {"title": "fishnet chair", "description": "Seat and back with upholstery made of cold cure foam. Steel frame, available in matt powder-coated black or highly polished chrome.", "small_img_path": "", "big_img_path": "product_big_img/promo-img1.jpg", "category": [6]}}, {"model": "mainapp.product", "pk": 10, "fields": {"title": "fishnet chair", "description": "Seat and back with upholstery made of cold cure foam. Steel frame, available in matt powder-coated black or highly polished chrome.", "small_img_path": "", "big_img_path": "product_big_img/promo-img.jpg", "category": [6]}}, {"model": "mainapp.product", "pk": 11, "fields": {"title": "fishnet chair", "description": "Seat and back with upholstery made of cold cure foam", "small_img_path": "product_small_img/product-11.jpg", "big_img_path": "", "category": [4]}}, {"model": "mainapp.product", "pk": 12, "fields": {"title": "fishnet chair", "description": "Seat and back with upholstery made of cold cure foam", "small_img_path": "product_small_img/product-21.jpg", "big_img_path": "", "category": [4]}}, {"model": "mainapp.product", "pk": 13, "fields": {"title": "fishnet chair", "description": "Seat and back with upholstery made of cold cure foam", "small_img_path": "product_small_img/product-31.jpg", "big_img_path": "", "category": [4]}}, {"model": "mainapp.product", "pk": 14, "fields": {"title": "fishnet chair", "description": "Seat and back with upholstery made of cold cure foam", "small_img_path": "product_small_img/product-41.jpg", "big_img_path": "", "category": [4]}}, {"model": "mainapp.product", "pk": 15, "fields": {"title": "fishnet chair", "description": "Seat and back with upholstery made of cold cure foam", "small_img_path": "product_small_img/product-5.jpg", "big_img_path": "", "category": [4]}}, {"model": "mainapp.product", "pk": 16, "fields": {"title": "fishnet chair", "description": "Seat and back with upholstery made of cold cure foam", "small_img_path": "product_small_img/product-6.jpg", "big_img_path": "", "category": [4]}}, {"model": "mainapp.product", "pk": 17, "fields": {"title": "fishnet chair", "description": "Seat and back with upholstery made of cold cure foam", "small_img_path": "product_small_img/product-11.jpg", "big_img_path": "", "category": [4]}}, {"model": "mainapp.product", "pk": 18, "fields": {"title": "fishnet chair", "description": "Seat and back with upholstery made of cold cure foam", "small_img_path": "product_small_img/product-21.jpg", "big_img_path": "", "category": [4]}}, {"model": "mainapp.product", "pk": 19, "fields": {"title": "fishnet chair", "description": "Seat and back with upholstery made of cold cure foam", "small_img_path": "product_small_img/product-31.jpg", "big_img_path": "", "category": [4]}}, {"model": "mainapp.product", "pk": 20, "fields": {"title": "fishnet chair", "description": "Seat and back with upholstery made of cold cure foam", "small_img_path": "product_small_img/product-41.jpg", "big_img_path": "", "category": [4]}}, {"model": "mainapp.product", "pk": 21, "fields": {"title": "fishnet chair", "description": "Seat and back with upholstery made of cold cure foam", "small_img_path": "product_small_img/product-5.jpg", "big_img_path": "", "category": [4]}}, {"model": "mainapp.product", "pk": 22, "fields": {"title": "fishnet chair", "description": "Seat and back with upholstery made of cold cure foam", "small_img_path": "product_small_img/product-6.jpg", "big_img_path": "", "category": [4]}}, {"model": "auth.permission", "pk": 1, "fields": {"name": "Can add log entry", "content_type": 1, "codename": "add_logentry"}}, {"model": "auth.permission", "pk": 2, "fields": {"name": "Can change log entry", "content_type": 1, "codename": "change_logentry"}}, {"model": "auth.permission", "pk": 3, "fields": {"name": "Can delete log entry", "content_type": 1, "codename": "delete_logentry"}}, {"model": "auth.permission", "pk": 4, "fields": {"name": "Can view log entry", "content_type": 1, "codename": "view_logentry"}}, {"model": "auth.permission", "pk": 5, "fields": {"name": "Can add permission", "content_type": 2, "codename": "add_permission"}}, {"model": "auth.permission", "pk": 6, "fields": {"name": "Can change permission", "content_type": 2, "codename": "change_permission"}}, {"model": "auth.permission", "pk": 7, "fields": {"name": "Can delete permission", "content_type": 2, "codename": "delete_permission"}}, {"model": "auth.permission", "pk": 8, "fields": {"name": "Can view permission", "content_type": 2, "codename": "view_permission"}}, {"model": "auth.permission", "pk": 9, "fields": {"name": "Can add group", "content_type": 3, "codename": "add_group"}}, {"model": "auth.permission", "pk": 10, "fields": {"name": "Can change group", "content_type": 3, "codename": "change_group"}}, {"model": "auth.permission", "pk": 11, "fields": {"name": "Can delete group", "content_type": 3, "codename": "delete_group"}}, {"model": "auth.permission", "pk": 12, "fields": {"name": "Can view group", "content_type": 3, "codename": "view_group"}}, {"model": "auth.permission", "pk": 13, "fields": {"name": "Can add user", "content_type": 4, "codename": "add_user"}}, {"model": "auth.permission", "pk": 14, "fields": {"name": "Can change user", "content_type": 4, "codename": "change_user"}}, {"model": "auth.permission", "pk": 15, "fields": {"name": "Can delete user", "content_type": 4, "codename": "delete_user"}}, {"model": "auth.permission", "pk": 16, "fields": {"name": "Can view user", "content_type": 4, "codename": "view_user"}}, {"model": "auth.permission", "pk": 17, "fields": {"name": "Can add content type", "content_type": 5, "codename": "add_contenttype"}}, {"model": "auth.permission", "pk": 18, "fields": {"name": "Can change content type", "content_type": 5, "codename": "change_contenttype"}}, {"model": "auth.permission", "pk": 19, "fields": {"name": "Can delete content type", "content_type": 5, "codename": "delete_contenttype"}}, {"model": "auth.permission", "pk": 20, "fields": {"name": "Can view content type", "content_type": 5, "codename": "view_contenttype"}}, {"model": "auth.permission", "pk": 21, "fields": {"name": "Can add session", "content_type": 6, "codename": "add_session"}}, {"model": "auth.permission", "pk": 22, "fields": {"name": "Can change session", "content_type": 6, "codename": "change_session"}}, {"model": "auth.permission", "pk": 23, "fields": {"name": "Can delete session", "content_type": 6, "codename": "delete_session"}}, {"model": "auth.permission", "pk": 24, "fields": {"name": "Can view session", "content_type": 6, "codename": "view_session"}}, {"model": "auth.permission", "pk": 25, "fields": {"name": "Can add address", "content_type": 7, "codename": "add_address"}}, {"model": "auth.permission", "pk": 26, "fields": {"name": "Can change address", "content_type": 7, "codename": "change_address"}}, {"model": "auth.permission", "pk": 27, "fields": {"name": "Can delete address", "content_type": 7, "codename": "delete_address"}}, {"model": "auth.permission", "pk": 28, "fields": {"name": "Can view address", "content_type": 7, "codename": "view_address"}}, {"model": "auth.permission", "pk": 29, "fields": {"name": "Can add catalog menu", "content_type": 8, "codename": "add_catalogmenu"}}, {"model": "auth.permission", "pk": 30, "fields": {"name": "Can change catalog menu", "content_type": 8, "codename": "change_catalogmenu"}}, {"model": "auth.permission", "pk": 31, "fields": {"name": "Can delete catalog menu", "content_type": 8, "codename": "delete_catalogmenu"}}, {"model": "auth.permission", "pk": 32, "fields": {"name": "Can view catalog menu", "content_type": 8, "codename": "view_catalogmenu"}}, {"model": "auth.permission", "pk": 33, "fields": {"name": "Can add category", "content_type": 9, "codename": "add_category"}}, {"model": "auth.permission", "pk": 34, "fields": {"name": "Can change category", "content_type": 9, "codename": "change_category"}}, {"model": "auth.permission", "pk": 35, "fields": {"name": "Can delete category", "content_type": 9, "codename": "delete_category"}}, {"model": "auth.permission", "pk": 36, "fields": {"name": "Can view category", "content_type": 9, "codename": "view_category"}}, {"model": "auth.permission", "pk": 37, "fields": {"name": "Can add main menu", "content_type": 10, "codename": "add_mainmenu"}}, {"model": "auth.permission", "pk": 38, "fields": {"name": "Can change main menu", "content_type": 10, "codename": "change_mainmenu"}}, {"model": "auth.permission", "pk": 39, "fields": {"name": "Can delete main menu", "content_type": 10, "codename": "delete_mainmenu"}}, {"model": "auth.permission", "pk": 40, "fields": {"name": "Can view main menu", "content_type": 10, "codename": "view_mainmenu"}}, {"model": "auth.permission", "pk": 41, "fields": {"name": "Can add new menu", "content_type": 11, "codename": "add_newmenu"}}, {"model": "auth.permission", "pk": 42, "fields": {"name": "Can change new menu", "content_type": 11, "codename": "change_newmenu"}}, {"model": "auth.permission", "pk": 43, "fields": {"name": "Can delete new menu", "content_type": 11, "codename": "delete_newmenu"}}, {"model": "auth.permission", "pk": 44, "fields": {"name": "Can view new menu", "content_type": 11, "codename": "view_newmenu"}}, {"model": "auth.permission", "pk": 45, "fields": {"name": "Can add product", "content_type": 12, "codename": "add_product"}}, {"model": "auth.permission", "pk": 46, "fields": {"name": "Can change product", "content_type": 12, "codename": "change_product"}}, {"model": "auth.permission", "pk": 47, "fields": {"name": "Can delete product", "content_type": 12, "codename": "delete_product"}}, {"model": "auth.permission", "pk": 48, "fields": {"name": "Can view product", "content_type": 12, "codename": "view_product"}}, {"model": "auth.user", "pk": 1, "fields": {"password": "pbkdf2_sha256$120000$XzBuaVMWPl3C$I3ToSqAL66OtYpk/FYYok6+6wwLUZKz7nncPDuWw9bI=", "last_login": "2019-01-27T21:29:41.315Z", "is_superuser": true, "username": "admin", "first_name": "", "last_name": "", "email": "chepushilka@yandex.ru", "is_staff": true, "is_active": true, "date_joined": "2019-01-27T19:29:17.519Z", "groups": [], "user_permissions": []}}, {"model": "admin.logentry", "pk": 1, "fields": {"action_time": "2019-01-27T21:32:00.042Z", "user": 1, "content_type": 10, "object_id": "1", "object_repr": "1 home", "action_flag": 1, "change_message": "[{\"added\": {}}]"}}, {"model": "admin.logentry", "pk": 2, "fields": {"action_time": "2019-01-27T21:33:00.589Z", "user": 1, "content_type": 10, "object_id": "2", "object_repr": "2 products", "action_flag": 1, "change_message": "[{\"added\": {}}]"}}, {"model": "admin.logentry", "pk": 3, "fields": {"action_time": "2019-01-27T21:33:14.652Z", "user": 1, "content_type": 10, "object_id": "3", "object_repr": "3 history", "action_flag": 1, "change_message": "[{\"added\": {}}]"}}, {"model": "admin.logentry", "pk": 4, "fields": {"action_time": "2019-01-27T21:33:26.795Z", "user": 1, "content_type": 10, "object_id": "4", "object_repr": "4 showroom", "action_flag": 1, "change_message": "[{\"added\": {}}]"}}, {"model": "admin.logentry", "pk": 5, "fields": {"action_time": "2019-01-27T21:33:46.531Z", "user": 1, "content_type": 10, "object_id": "5", "object_repr": "5 contact", "action_flag": 1, "change_message": "[{\"added\": {}}]"}}]